,sensor_id,sensor_type,location,lat,lon,timestamp,P1,durP1,ratioP1,P2,durP2,ratioP2
0,219,SDS011,94,48.765,9.168,2016-10-29T09:30:37.388511+00:00,40.42,,,20.92,,
1,219,SDS011,94,48.765,9.168,2016-10-29T09:31:35.760653+00:00,24.84,,,20.64,,
2,219,SDS011,94,48.765,9.168,2016-10-29T09:32:35.072372+00:00,34.14,,,26.78,,
3,219,SDS011,94,48.765,9.168,2016-10-29T09:33:34.651127+00:00,40.62,,,28.48,,
4,219,SDS011,94,48.765,9.168,2016-10-29T09:34:33.014714+00:00,38.6,,,26.5,,
5,219,SDS011,94,48.765,9.168,2016-10-29T09:35:31.383416+00:00,46.68,,,26.04,,
6,219,SDS011,94,48.765,9.168,2016-10-29T09:36:29.444767+00:00,32.24,,,22.98,,
7,219,SDS011,94,48.765,9.168,2016-10-29T09:37:27.202960+00:00,28.3,,,20.04,,
8,219,SDS011,94,48.765,9.168,2016-10-29T09:38:25.258942+00:00,27.44,,,19.38,,
9,219,SDS011,94,48.765,9.168,2016-10-29T09:39:27.218862+00:00,30.82,,,19.64,,
10,219,SDS011,94,48.765,9.168,2016-10-29T09:40:21.690603+00:00,26.32,,,18.0,,
11,219,SDS011,94,48.765,9.168,2016-10-29T09:41:20.120154+00:00,30.18,,,17.82,,
12,219,SDS011,94,48.765,9.168,2016-10-29T09:42:18.280875+00:00,27.34,,,16.72,,
13,219,SDS011,94,48.765,9.168,2016-10-29T11:12:22.095438+00:00,13.4,,,12.7,,
14,219,SDS011,94,48.765,9.168,2016-10-29T11:13:16.780316+00:00,20.56,,,15.54,,
15,219,SDS011,94,48.765,9.168,2016-10-29T11:14:14.558522+00:00,17.94,,,14.42,,
16,219,SDS011,94,48.765,9.168,2016-10-29T11:15:12.530021+00:00,14.12,,,13.42,,
17,219,SDS011,94,48.765,9.168,2016-10-29T11:16:10.279187+00:00,14.56,,,13.86,,
18,219,SDS011,94,48.765,9.168,2016-10-29T11:17:08.067973+00:00,14.94,,,14.14,,
19,219,SDS011,94,48.765,9.168,2016-10-29T11:18:08.313403+00:00,13.1,,,12.4,,
20,219,SDS011,94,48.765,9.168,2016-10-29T11:19:07.209244+00:00,13.24,,,12.54,,
21,219,SDS011,94,48.765,9.168,2016-10-29T11:20:06.113638+00:00,12.9,,,12.22,,
22,219,SDS011,94,48.765,9.168,2016-10-29T11:21:04.769955+00:00,14.52,,,13.8,,
23,219,SDS011,94,48.765,9.168,2016-10-29T11:22:03.215692+00:00,15.14,,,14.14,,
24,219,SDS011,94,48.765,9.168,2016-10-29T11:24:27.783463+00:00,15.08,,,14.28,,
25,219,SDS011,94,48.765,9.168,2016-10-29T11:25:25.690146+00:00,23.38,,,15.32,,
26,219,SDS011,94,48.765,9.168,2016-10-29T11:26:23.416653+00:00,12.14,,,11.54,,
27,219,SDS011,94,48.765,9.168,2016-10-29T11:27:22.041386+00:00,11.48,,,10.88,,
28,219,SDS011,94,48.765,9.168,2016-10-29T11:28:22.074332+00:00,12.82,,,12.16,,
29,219,SDS011,94,48.765,9.168,2016-10-29T11:35:36.035477+00:00,15.96,,,13.28,,
30,219,SDS011,94,48.765,9.168,2016-10-29T11:36:35.708838+00:00,13.34,,,12.64,,
31,219,SDS011,94,48.765,9.168,2016-10-29T11:37:33.779986+00:00,13.52,,,12.82,,
32,219,SDS011,94,48.765,9.168,2016-10-29T11:38:31.817200+00:00,12.78,,,12.08,,
33,219,SDS011,94,48.765,9.168,2016-10-29T11:40:35.892423+00:00,16.48,,,15.68,,
34,219,SDS011,94,48.765,9.168,2016-10-29T11:41:35.516242+00:00,15.22,,,14.42,,
35,219,SDS011,94,48.765,9.168,2016-10-29T11:42:33.808623+00:00,15.44,,,14.64,,
36,219,SDS011,94,48.765,9.168,2016-10-29T15:07:40.105300+00:00,21.78,,,20.5,,
37,219,SDS011,94,48.765,9.168,2016-10-29T15:08:46.491377+00:00,23.75,,,22.55,,
38,219,SDS011,94,48.765,9.168,2016-10-29T15:09:44.776019+00:00,21.94,,,20.84,,
39,219,SDS011,94,48.765,9.168,2016-10-29T15:10:44.152770+00:00,21.72,,,20.58,,
40,219,SDS011,94,48.765,9.168,2016-10-29T15:11:43.441505+00:00,21.04,,,19.72,,
41,219,SDS011,94,48.765,9.168,2016-10-29T15:12:42.814350+00:00,24.86,,,22.14,,
42,219,SDS011,94,48.765,9.168,2016-10-29T15:13:42.237148+00:00,22.74,,,21.16,,
43,219,SDS011,94,48.765,9.168,2016-10-29T15:14:41.566122+00:00,20.88,,,19.84,,
44,219,SDS011,94,48.765,9.168,2016-10-29T15:15:39.016991+00:00,21.88,,,20.76,,
45,219,SDS011,94,48.765,9.168,2016-10-29T15:16:36.444441+00:00,23.92,,,20.74,,
46,219,SDS011,94,48.765,9.168,2016-10-29T15:17:34.689083+00:00,26.4,,,23.68,,
47,219,SDS011,94,48.765,9.168,2016-10-29T15:18:32.920626+00:00,24.22,,,23.02,,
48,219,SDS011,94,48.765,9.168,2016-10-29T15:19:33.331005+00:00,24.82,,,21.08,,
49,219,SDS011,94,48.765,9.168,2016-10-29T15:20:32.658442+00:00,30.22,,,24.1,,
50,219,SDS011,94,48.765,9.168,2016-10-29T15:21:31.948540+00:00,25.62,,,24.32,,
51,219,SDS011,94,48.765,9.168,2016-10-29T15:22:31.266289+00:00,23.88,,,21.82,,
52,219,SDS011,94,48.765,9.168,2016-10-29T15:23:30.585329+00:00,27.0,,,25.28,,
53,219,SDS011,94,48.765,9.168,2016-10-29T15:24:28.952337+00:00,25.96,,,24.48,,
54,219,SDS011,94,48.765,9.168,2016-10-29T15:25:28.239613+00:00,27.76,,,26.28,,
55,219,SDS011,94,48.765,9.168,2016-10-29T15:26:27.530436+00:00,28.08,,,25.76,,
56,219,SDS011,94,48.765,9.168,2016-10-29T15:27:27.878368+00:00,36.04,,,32.38,,
57,219,SDS011,94,48.765,9.168,2016-10-29T15:28:27.157033+00:00,39.26,,,37.0,,
58,219,SDS011,94,48.765,9.168,2016-10-29T15:29:25.476556+00:00,46.3,,,40.76,,
59,219,SDS011,94,48.765,9.168,2016-10-29T15:30:23.956254+00:00,46.34,,,42.66,,
60,219,SDS011,94,48.765,9.168,2016-10-29T15:31:23.357662+00:00,50.94,,,44.68,,
61,219,SDS011,94,48.765,9.168,2016-10-29T15:32:21.587752+00:00,34.16,,,31.14,,
62,219,SDS011,94,48.765,9.168,2016-10-29T15:33:20.862614+00:00,36.12,,,34.32,,
63,219,SDS011,94,48.765,9.168,2016-10-29T15:34:19.096454+00:00,34.84,,,29.76,,
64,219,SDS011,94,48.765,9.168,2016-10-29T15:35:16.507653+00:00,32.62,,,31.02,,
65,219,SDS011,94,48.765,9.168,2016-10-29T15:36:14.753721+00:00,31.6,,,28.24,,
66,219,SDS011,94,48.765,9.168,2016-10-29T15:37:14.068150+00:00,25.98,,,24.68,,
67,219,SDS011,94,48.765,9.168,2016-10-29T15:38:12.344159+00:00,27.4,,,26.04,,
68,219,SDS011,94,48.765,9.168,2016-10-29T15:39:10.552238+00:00,30.2,,,25.92,,
69,219,SDS011,94,48.765,9.168,2016-10-29T15:40:08.871598+00:00,24.22,,,23.02,,
70,219,SDS011,94,48.765,9.168,2016-10-29T15:41:07.322743+00:00,24.06,,,22.86,,
71,219,SDS011,94,48.765,9.168,2016-10-29T15:42:07.714456+00:00,27.26,,,24.08,,
72,219,SDS011,94,48.765,9.168,2016-10-29T15:43:03.143265+00:00,25.52,,,24.22,,
73,219,SDS011,94,48.765,9.168,2016-10-29T15:44:02.407769+00:00,26.46,,,21.14,,
74,219,SDS011,94,48.765,9.168,2016-10-29T15:45:01.819047+00:00,24.62,,,23.04,,
75,219,SDS011,94,48.765,9.168,2016-10-29T15:46:00.081511+00:00,22.12,,,20.94,,
76,219,SDS011,94,48.765,9.168,2016-10-29T15:46:59.613778+00:00,22.32,,,21.16,,
77,219,SDS011,94,48.765,9.168,2016-10-29T15:47:59.921278+00:00,22.46,,,20.36,,
78,219,SDS011,94,48.765,9.168,2016-10-29T15:48:58.214970+00:00,22.96,,,21.82,,
79,219,SDS011,94,48.765,9.168,2016-10-29T15:49:57.411840+00:00,26.32,,,22.92,,
80,219,SDS011,94,48.765,9.168,2016-10-29T15:50:56.855246+00:00,23.96,,,22.76,,
81,219,SDS011,94,48.765,9.168,2016-10-29T15:51:57.327261+00:00,27.38,,,23.22,,
82,219,SDS011,94,48.765,9.168,2016-10-29T15:52:56.870348+00:00,23.24,,,22.06,,
83,219,SDS011,94,48.765,9.168,2016-10-29T15:53:57.338166+00:00,28.48,,,24.86,,
84,219,SDS011,94,48.765,9.168,2016-10-29T15:54:57.727618+00:00,24.82,,,22.38,,
85,219,SDS011,94,48.765,9.168,2016-10-29T15:55:57.096468+00:00,26.42,,,24.42,,
86,219,SDS011,94,48.765,9.168,2016-10-29T15:56:55.342072+00:00,29.16,,,25.08,,
87,219,SDS011,94,48.765,9.168,2016-10-29T15:57:54.636904+00:00,25.7,,,23.6,,
88,219,SDS011,94,48.765,9.168,2016-10-29T15:58:52.861094+00:00,26.56,,,23.88,,
89,219,SDS011,94,48.765,9.168,2016-10-29T15:59:53.213700+00:00,24.7,,,23.5,,
90,219,SDS011,94,48.765,9.168,2016-10-29T16:00:51.442337+00:00,27.14,,,24.84,,
91,219,SDS011,94,48.765,9.168,2016-10-29T16:01:50.737548+00:00,28.32,,,25.5,,
92,219,SDS011,94,48.765,9.168,2016-10-29T16:02:50.083965+00:00,23.66,,,22.48,,
93,219,SDS011,94,48.765,9.168,2016-10-29T16:03:48.365291+00:00,29.24,,,24.24,,
94,219,SDS011,94,48.765,9.168,2016-10-29T16:04:48.702239+00:00,22.5,,,20.94,,
95,219,SDS011,94,48.765,9.168,2016-10-29T16:05:46.964892+00:00,23.18,,,22.02,,
96,219,SDS011,94,48.765,9.168,2016-10-29T16:06:45.247380+00:00,22.72,,,21.16,,
97,219,SDS011,94,48.765,9.168,2016-10-29T16:07:44.592602+00:00,26.76,,,25.46,,
98,219,SDS011,94,48.765,9.168,2016-10-29T16:08:43.893735+00:00,26.08,,,23.28,,
99,219,SDS011,94,48.765,9.168,2016-10-29T16:09:43.642755+00:00,23.86,,,20.9,,
100,219,SDS011,94,48.765,9.168,2016-10-29T16:10:42.944480+00:00,27.5,,,22.08,,
101,219,SDS011,94,48.765,9.168,2016-10-29T16:11:42.222164+00:00,29.1,,,25.52,,
102,219,SDS011,94,48.765,9.168,2016-10-29T16:12:41.528259+00:00,30.32,,,24.22,,
103,219,SDS011,94,48.765,9.168,2016-10-29T16:13:40.824292+00:00,28.82,,,25.5,,
104,219,SDS011,94,48.765,9.168,2016-10-29T16:14:39.119909+00:00,27.08,,,25.74,,
105,219,SDS011,94,48.765,9.168,2016-10-29T16:15:37.349083+00:00,29.02,,,23.88,,
106,219,SDS011,94,48.765,9.168,2016-10-29T16:16:35.618399+00:00,24.06,,,21.96,,
107,219,SDS011,94,48.765,9.168,2016-10-29T16:17:33.886156+00:00,28.22,,,25.46,,
108,219,SDS011,94,48.765,9.168,2016-10-29T16:18:32.201259+00:00,29.8,,,23.56,,
109,219,SDS011,94,48.765,9.168,2016-10-29T16:19:31.481288+00:00,26.08,,,21.86,,
110,219,SDS011,94,48.765,9.168,2016-10-29T16:20:29.703907+00:00,28.76,,,25.04,,
111,219,SDS011,94,48.765,9.168,2016-10-29T16:21:30.033356+00:00,26.36,,,24.14,,
112,219,SDS011,94,48.765,9.168,2016-10-29T16:22:30.384891+00:00,25.46,,,21.34,,
113,219,SDS011,94,48.765,9.168,2016-10-29T16:23:29.658431+00:00,25.3,,,23.36,,
114,219,SDS011,94,48.765,9.168,2016-10-29T16:24:27.892601+00:00,25.44,,,22.42,,
115,219,SDS011,94,48.765,9.168,2016-10-29T16:25:26.187242+00:00,26.5,,,22.24,,
116,219,SDS011,94,48.765,9.168,2016-10-29T16:26:24.413289+00:00,24.5,,,22.0,,
117,219,SDS011,94,48.765,9.168,2016-10-29T16:27:22.874098+00:00,26.4,,,21.66,,
118,219,SDS011,94,48.765,9.168,2016-10-29T16:28:22.153125+00:00,27.12,,,22.26,,
119,219,SDS011,94,48.765,9.168,2016-10-29T16:29:21.413679+00:00,22.14,,,20.72,,
120,219,SDS011,94,48.765,9.168,2016-10-29T16:30:20.741119+00:00,23.02,,,20.44,,
121,219,SDS011,94,48.765,9.168,2016-10-29T16:31:18.987028+00:00,25.22,,,23.66,,
122,219,SDS011,94,48.765,9.168,2016-10-29T16:32:19.377282+00:00,22.1,,,21.0,,
123,219,SDS011,94,48.765,9.168,2016-10-29T16:33:17.662272+00:00,25.68,,,23.38,,
124,219,SDS011,94,48.765,9.168,2016-10-29T16:34:16.937560+00:00,24.04,,,22.04,,
125,219,SDS011,94,48.765,9.168,2016-10-29T16:35:16.201370+00:00,26.86,,,25.04,,
126,219,SDS011,94,48.765,9.168,2016-10-29T16:36:14.712005+00:00,25.58,,,22.42,,
127,219,SDS011,94,48.765,9.168,2016-10-29T16:37:13.968503+00:00,21.88,,,20.38,,
128,219,SDS011,94,48.765,9.168,2016-10-29T16:38:13.264453+00:00,24.44,,,20.42,,
129,219,SDS011,94,48.765,9.168,2016-10-29T16:39:12.535372+00:00,25.5,,,21.84,,
130,219,SDS011,94,48.765,9.168,2016-10-29T16:40:12.859826+00:00,23.76,,,22.18,,
131,219,SDS011,94,48.765,9.168,2016-10-29T16:41:11.067339+00:00,28.44,,,24.32,,
132,219,SDS011,94,48.765,9.168,2016-10-29T16:42:10.359025+00:00,27.24,,,25.6,,
133,219,SDS011,94,48.765,9.168,2016-10-29T16:43:08.599313+00:00,24.44,,,23.0,,
134,219,SDS011,94,48.765,9.168,2016-10-29T16:44:06.843613+00:00,26.18,,,23.06,,
135,219,SDS011,94,48.765,9.168,2016-10-29T16:45:05.130536+00:00,27.28,,,24.54,,
136,219,SDS011,94,48.765,9.168,2016-10-29T16:46:03.399966+00:00,27.66,,,23.8,,
137,219,SDS011,94,48.765,9.168,2016-10-29T16:47:01.700068+00:00,25.9,,,21.56,,
138,219,SDS011,94,48.765,9.168,2016-10-29T16:47:59.969393+00:00,32.82,,,25.5,,
139,219,SDS011,94,48.765,9.168,2016-10-29T16:49:00.663287+00:00,27.06,,,23.2,,
140,219,SDS011,94,48.765,9.168,2016-10-29T16:50:01.031916+00:00,28.32,,,23.0,,
141,219,SDS011,94,48.765,9.168,2016-10-29T16:51:00.332263+00:00,32.78,,,25.9,,
142,219,SDS011,94,48.765,9.168,2016-10-29T16:52:00.694145+00:00,25.62,,,23.38,,
143,219,SDS011,94,48.765,9.168,2016-10-29T16:53:01.213610+00:00,34.02,,,24.94,,
144,219,SDS011,94,48.765,9.168,2016-10-29T16:54:00.526587+00:00,24.5,,,23.26,,
145,219,SDS011,94,48.765,9.168,2016-10-29T16:54:58.803743+00:00,30.8,,,25.88,,
146,219,SDS011,94,48.765,9.168,2016-10-29T16:55:57.159318+00:00,24.96,,,22.32,,
147,219,SDS011,94,48.765,9.168,2016-10-29T16:56:57.533053+00:00,29.04,,,24.52,,
148,219,SDS011,94,48.765,9.168,2016-10-29T16:57:55.913528+00:00,28.46,,,24.44,,
149,219,SDS011,94,48.765,9.168,2016-10-29T16:58:54.140929+00:00,28.6,,,26.44,,
150,219,SDS011,94,48.765,9.168,2016-10-29T16:59:54.488555+00:00,30.58,,,26.02,,
151,219,SDS011,94,48.765,9.168,2016-10-29T17:00:53.734987+00:00,29.68,,,24.02,,
152,219,SDS011,94,48.765,9.168,2016-10-29T17:01:52.086456+00:00,29.26,,,26.84,,
153,219,SDS011,94,48.765,9.168,2016-10-29T17:02:52.532881+00:00,30.7,,,25.72,,
154,219,SDS011,94,48.765,9.168,2016-10-29T17:03:51.841309+00:00,26.82,,,25.4,,
155,219,SDS011,94,48.765,9.168,2016-10-29T17:04:52.186580+00:00,29.84,,,22.64,,
156,219,SDS011,94,48.765,9.168,2016-10-29T17:05:50.504442+00:00,29.54,,,25.78,,
157,219,SDS011,94,48.765,9.168,2016-10-29T17:06:49.863376+00:00,32.46,,,27.62,,
158,219,SDS011,94,48.765,9.168,2016-10-29T17:07:50.214601+00:00,30.36,,,25.24,,
159,219,SDS011,94,48.765,9.168,2016-10-29T17:08:48.474168+00:00,32.68,,,26.02,,
160,219,SDS011,94,48.765,9.168,2016-10-29T17:09:48.807176+00:00,26.9,,,24.82,,
161,219,SDS011,94,48.765,9.168,2016-10-29T17:10:49.078216+00:00,26.94,,,23.6,,
162,219,SDS011,94,48.765,9.168,2016-10-29T17:11:48.378751+00:00,25.74,,,23.52,,
163,219,SDS011,94,48.765,9.168,2016-10-29T17:12:47.659281+00:00,24.4,,,22.84,,
164,219,SDS011,94,48.765,9.168,2016-10-29T17:13:46.977127+00:00,29.4,,,26.06,,
165,219,SDS011,94,48.765,9.168,2016-10-29T17:14:46.270320+00:00,29.26,,,25.78,,
166,219,SDS011,94,48.765,9.168,2016-10-29T17:15:44.506482+00:00,31.42,,,25.52,,
167,219,SDS011,94,48.765,9.168,2016-10-29T17:16:44.890000+00:00,33.92,,,27.5,,
168,219,SDS011,94,48.765,9.168,2016-10-29T17:17:44.231961+00:00,32.88,,,27.08,,
169,219,SDS011,94,48.765,9.168,2016-10-29T17:18:42.628585+00:00,31.14,,,25.36,,
170,219,SDS011,94,48.765,9.168,2016-10-29T17:19:42.019726+00:00,30.2,,,27.26,,
171,219,SDS011,94,48.765,9.168,2016-10-29T17:20:40.298498+00:00,30.46,,,26.42,,
172,219,SDS011,94,48.765,9.168,2016-10-29T17:21:38.652862+00:00,33.96,,,28.56,,
173,219,SDS011,94,48.765,9.168,2016-10-29T17:22:38.043568+00:00,41.26,,,27.22,,
174,219,SDS011,94,48.765,9.168,2016-10-29T17:23:38.047789+00:00,30.68,,,23.58,,
175,219,SDS011,94,48.765,9.168,2016-10-29T17:24:38.004608+00:00,35.24,,,30.62,,
176,219,SDS011,94,48.765,9.168,2016-10-29T17:25:32.070306+00:00,33.58,,,28.38,,
177,219,SDS011,94,48.765,9.168,2016-10-29T17:26:32.459802+00:00,36.84,,,29.0,,
178,219,SDS011,94,48.765,9.168,2016-10-29T17:27:30.685620+00:00,33.12,,,28.78,,
179,219,SDS011,94,48.765,9.168,2016-10-29T17:28:28.920783+00:00,29.44,,,27.28,,
180,219,SDS011,94,48.765,9.168,2016-10-29T17:29:28.201384+00:00,28.68,,,26.78,,
181,219,SDS011,94,48.765,9.168,2016-10-29T17:30:28.548297+00:00,35.08,,,29.42,,
182,219,SDS011,94,48.765,9.168,2016-10-29T17:31:26.804257+00:00,31.48,,,27.68,,
183,219,SDS011,94,48.765,9.168,2016-10-29T17:32:26.440205+00:00,26.7,,,23.76,,
184,219,SDS011,94,48.765,9.168,2016-10-29T17:33:25.832055+00:00,31.24,,,27.48,,
185,219,SDS011,94,48.765,9.168,2016-10-29T17:34:26.248522+00:00,35.7,,,30.52,,
186,219,SDS011,94,48.765,9.168,2016-10-29T17:35:26.608004+00:00,31.34,,,26.04,,
187,219,SDS011,94,48.765,9.168,2016-10-29T17:36:25.035665+00:00,38.7,,,29.5,,
188,219,SDS011,94,48.765,9.168,2016-10-29T17:37:24.306266+00:00,30.9,,,26.92,,
189,219,SDS011,94,48.765,9.168,2016-10-29T17:38:22.808170+00:00,30.48,,,25.36,,
190,219,SDS011,94,48.765,9.168,2016-10-29T17:39:21.042400+00:00,34.6,,,28.4,,
191,219,SDS011,94,48.765,9.168,2016-10-29T17:40:20.346451+00:00,29.1,,,25.46,,
192,219,SDS011,94,48.765,9.168,2016-10-29T17:41:18.868606+00:00,26.32,,,24.28,,
193,219,SDS011,94,48.765,9.168,2016-10-29T17:42:18.143436+00:00,35.06,,,30.16,,
194,219,SDS011,94,48.765,9.168,2016-10-29T17:43:17.573223+00:00,30.42,,,25.82,,
195,219,SDS011,94,48.765,9.168,2016-10-29T17:44:16.840931+00:00,31.18,,,27.7,,
196,219,SDS011,94,48.765,9.168,2016-10-29T17:45:17.191242+00:00,30.76,,,25.48,,
197,219,SDS011,94,48.765,9.168,2016-10-29T17:46:15.422804+00:00,35.06,,,30.28,,
198,219,SDS011,94,48.765,9.168,2016-10-29T17:47:14.418207+00:00,32.3,,,26.64,,
199,219,SDS011,94,48.765,9.168,2016-10-29T17:48:13.745927+00:00,32.0,,,27.06,,
200,219,SDS011,94,48.765,9.168,2016-10-29T17:49:11.968608+00:00,31.76,,,26.82,,
201,219,SDS011,94,48.765,9.168,2016-10-29T17:50:11.407875+00:00,30.56,,,25.48,,
202,219,SDS011,94,48.765,9.168,2016-10-29T17:51:10.680738+00:00,32.82,,,27.44,,
203,219,SDS011,94,48.765,9.168,2016-10-29T17:52:10.043213+00:00,28.9,,,25.78,,
204,219,SDS011,94,48.765,9.168,2016-10-29T17:53:09.318889+00:00,29.6,,,26.12,,
205,219,SDS011,94,48.765,9.168,2016-10-29T17:54:08.718709+00:00,31.92,,,27.38,,
206,219,SDS011,94,48.765,9.168,2016-10-29T17:55:08.179982+00:00,28.92,,,26.2,,
207,219,SDS011,94,48.765,9.168,2016-10-29T17:56:08.025006+00:00,32.56,,,27.98,,
208,219,SDS011,94,48.765,9.168,2016-10-29T17:57:02.628344+00:00,34.3,,,29.12,,
209,219,SDS011,94,48.765,9.168,2016-10-29T17:58:00.880641+00:00,35.8,,,30.22,,
210,219,SDS011,94,48.765,9.168,2016-10-29T17:58:59.096604+00:00,34.6,,,29.12,,
211,219,SDS011,94,48.765,9.168,2016-10-29T17:59:58.390595+00:00,31.68,,,25.68,,
212,219,SDS011,94,48.765,9.168,2016-10-29T18:00:57.694020+00:00,36.94,,,29.1,,
213,219,SDS011,94,48.765,9.168,2016-10-29T18:01:57.015142+00:00,29.66,,,25.3,,
214,219,SDS011,94,48.765,9.168,2016-10-29T18:02:56.327580+00:00,43.36,,,30.84,,
215,219,SDS011,94,48.765,9.168,2016-10-29T18:03:54.574458+00:00,29.82,,,25.54,,
216,219,SDS011,94,48.765,9.168,2016-10-29T18:04:54.931935+00:00,29.34,,,24.84,,
217,219,SDS011,94,48.765,9.168,2016-10-29T18:05:54.231440+00:00,30.3,,,27.08,,
218,219,SDS011,94,48.765,9.168,2016-10-29T18:06:52.506288+00:00,40.6,,,30.06,,
219,219,SDS011,94,48.765,9.168,2016-10-29T18:07:52.940608+00:00,32.86,,,28.6,,
220,219,SDS011,94,48.765,9.168,2016-10-29T18:08:53.282299+00:00,28.08,,,26.38,,
221,219,SDS011,94,48.765,9.168,2016-10-29T18:09:51.527161+00:00,27.8,,,26.28,,
222,219,SDS011,94,48.765,9.168,2016-10-29T18:10:49.789246+00:00,33.1,,,28.06,,
223,219,SDS011,94,48.765,9.168,2016-10-29T18:11:50.127838+00:00,33.24,,,28.62,,
224,219,SDS011,94,48.765,9.168,2016-10-29T18:12:49.409116+00:00,34.9,,,28.1,,
225,219,SDS011,94,48.765,9.168,2016-10-29T18:13:47.653948+00:00,34.96,,,31.28,,
226,219,SDS011,94,48.765,9.168,2016-10-29T18:14:46.921323+00:00,31.12,,,28.24,,
227,219,SDS011,94,48.765,9.168,2016-10-29T18:15:46.224978+00:00,29.14,,,26.1,,
228,219,SDS011,94,48.765,9.168,2016-10-29T18:16:44.438871+00:00,29.48,,,25.6,,
229,219,SDS011,94,48.765,9.168,2016-10-29T18:17:43.747458+00:00,33.12,,,28.36,,
230,219,SDS011,94,48.765,9.168,2016-10-29T18:18:44.082274+00:00,29.72,,,26.76,,
231,219,SDS011,94,48.765,9.168,2016-10-29T18:19:42.349085+00:00,32.42,,,27.32,,
232,219,SDS011,94,48.765,9.168,2016-10-29T18:20:41.632306+00:00,30.6,,,27.64,,
233,219,SDS011,94,48.765,9.168,2016-10-29T18:21:40.926278+00:00,30.96,,,25.86,,
234,219,SDS011,94,48.765,9.168,2016-10-29T18:22:40.408982+00:00,34.86,,,28.5,,
235,219,SDS011,94,48.765,9.168,2016-10-29T18:23:38.856635+00:00,36.52,,,31.12,,
236,219,SDS011,94,48.765,9.168,2016-10-29T18:24:39.370524+00:00,35.08,,,27.8,,
237,219,SDS011,94,48.765,9.168,2016-10-29T18:25:39.711561+00:00,28.98,,,26.54,,
238,219,SDS011,94,48.765,9.168,2016-10-29T18:26:39.006244+00:00,36.66,,,31.44,,
239,219,SDS011,94,48.765,9.168,2016-10-29T18:27:38.282844+00:00,36.52,,,29.32,,
240,219,SDS011,94,48.765,9.168,2016-10-29T18:28:38.248381+00:00,33.1,,,30.06,,
241,219,SDS011,94,48.765,9.168,2016-10-29T18:29:33.811078+00:00,32.94,,,30.28,,
242,219,SDS011,94,48.765,9.168,2016-10-29T18:30:32.084249+00:00,30.12,,,26.68,,
243,219,SDS011,94,48.765,9.168,2016-10-29T18:31:31.388213+00:00,35.32,,,28.4,,
244,219,SDS011,94,48.765,9.168,2016-10-29T18:32:30.673576+00:00,31.72,,,25.96,,
245,219,SDS011,94,48.765,9.168,2016-10-29T18:33:30.012852+00:00,33.0,,,27.82,,
246,219,SDS011,94,48.765,9.168,2016-10-29T18:34:29.284646+00:00,36.2,,,31.32,,
247,219,SDS011,94,48.765,9.168,2016-10-29T18:35:26.775980+00:00,34.0,,,29.44,,
248,219,SDS011,94,48.765,9.168,2016-10-29T18:36:27.164321+00:00,32.46,,,26.38,,
249,219,SDS011,94,48.765,9.168,2016-10-29T18:37:27.508354+00:00,32.6,,,29.26,,
250,219,SDS011,94,48.765,9.168,2016-10-29T18:38:26.817063+00:00,30.16,,,26.78,,
251,219,SDS011,94,48.765,9.168,2016-10-29T18:39:26.121675+00:00,33.02,,,29.56,,
252,219,SDS011,94,48.765,9.168,2016-10-29T18:40:24.445336+00:00,30.22,,,28.42,,
253,219,SDS011,94,48.765,9.168,2016-10-29T18:41:23.734212+00:00,27.26,,,25.92,,
254,219,SDS011,94,48.765,9.168,2016-10-29T18:42:23.027517+00:00,30.18,,,27.98,,
255,219,SDS011,94,48.765,9.168,2016-10-29T18:43:21.391907+00:00,29.4,,,26.86,,
256,219,SDS011,94,48.765,9.168,2016-10-29T18:44:20.718688+00:00,33.98,,,29.66,,
257,219,SDS011,94,48.765,9.168,2016-10-29T18:45:19.939088+00:00,28.26,,,25.88,,
258,219,SDS011,94,48.765,9.168,2016-10-29T18:46:17.405644+00:00,31.8,,,29.52,,
259,219,SDS011,94,48.765,9.168,2016-10-29T18:47:15.645303+00:00,28.34,,,26.3,,
260,219,SDS011,94,48.765,9.168,2016-10-29T18:48:14.934948+00:00,31.98,,,26.08,,
261,219,SDS011,94,48.765,9.168,2016-10-29T18:49:13.181717+00:00,30.78,,,28.14,,
262,219,SDS011,94,48.765,9.168,2016-10-29T18:50:12.521719+00:00,30.8,,,28.06,,
263,219,SDS011,94,48.765,9.168,2016-10-29T18:51:11.799260+00:00,34.2,,,29.4,,
264,219,SDS011,94,48.765,9.168,2016-10-29T18:52:10.087241+00:00,31.7,,,28.6,,
265,219,SDS011,94,48.765,9.168,2016-10-29T18:53:09.387179+00:00,32.36,,,27.2,,
266,219,SDS011,94,48.765,9.168,2016-10-29T18:54:09.724953+00:00,31.08,,,28.34,,
267,219,SDS011,94,48.765,9.168,2016-10-29T18:55:08.295358+00:00,32.06,,,28.68,,
268,219,SDS011,94,48.765,9.168,2016-10-29T18:56:08.319946+00:00,29.62,,,26.5,,
269,219,SDS011,94,48.765,9.168,2016-10-29T18:57:08.336272+00:00,32.42,,,28.72,,
270,219,SDS011,94,48.765,9.168,2016-10-29T18:58:03.790403+00:00,35.38,,,30.66,,
271,219,SDS011,94,48.765,9.168,2016-10-29T18:59:03.093607+00:00,38.7,,,30.68,,
272,219,SDS011,94,48.765,9.168,2016-10-29T19:00:02.401466+00:00,39.82,,,31.84,,
273,219,SDS011,94,48.765,9.168,2016-10-29T19:01:01.681683+00:00,39.66,,,32.06,,
274,219,SDS011,94,48.765,9.168,2016-10-29T19:02:01.010411+00:00,39.18,,,30.74,,
275,219,SDS011,94,48.765,9.168,2016-10-29T19:03:01.393577+00:00,37.18,,,31.18,,
276,219,SDS011,94,48.765,9.168,2016-10-29T19:04:00.748760+00:00,34.12,,,30.64,,
277,219,SDS011,94,48.765,9.168,2016-10-29T19:05:00.035984+00:00,32.62,,,29.08,,
278,219,SDS011,94,48.765,9.168,2016-10-29T19:05:58.272854+00:00,31.1,,,26.82,,
279,219,SDS011,94,48.765,9.168,2016-10-29T19:06:57.700245+00:00,34.36,,,29.58,,
280,219,SDS011,94,48.765,9.168,2016-10-29T19:07:56.989993+00:00,34.3,,,30.22,,
281,219,SDS011,94,48.765,9.168,2016-10-29T19:08:55.607660+00:00,34.22,,,27.82,,
282,219,SDS011,94,48.765,9.168,2016-10-29T19:09:55.997808+00:00,34.06,,,28.68,,
283,219,SDS011,94,48.765,9.168,2016-10-29T19:10:55.304001+00:00,38.86,,,29.76,,
284,219,SDS011,94,48.765,9.168,2016-10-29T19:11:53.505901+00:00,31.22,,,27.5,,
285,219,SDS011,94,48.765,9.168,2016-10-29T19:12:52.008329+00:00,40.2,,,32.78,,
286,219,SDS011,94,48.765,9.168,2016-10-29T19:13:51.308605+00:00,33.22,,,26.76,,
287,219,SDS011,94,48.765,9.168,2016-10-29T19:14:50.618358+00:00,30.34,,,27.2,,
288,219,SDS011,94,48.765,9.168,2016-10-29T19:15:49.947418+00:00,31.24,,,28.54,,
289,219,SDS011,94,48.765,9.168,2016-10-29T19:16:48.200837+00:00,30.32,,,26.6,,
290,219,SDS011,94,48.765,9.168,2016-10-29T19:17:46.439508+00:00,34.9,,,30.7,,
291,219,SDS011,94,48.765,9.168,2016-10-29T19:18:44.688713+00:00,37.48,,,30.64,,
292,219,SDS011,94,48.765,9.168,2016-10-29T19:19:43.961330+00:00,32.52,,,26.74,,
293,219,SDS011,94,48.765,9.168,2016-10-29T19:20:41.429329+00:00,32.36,,,27.9,,
294,219,SDS011,94,48.765,9.168,2016-10-29T19:21:40.721852+00:00,31.9,,,28.08,,
295,219,SDS011,94,48.765,9.168,2016-10-29T19:22:40.020381+00:00,28.08,,,25.2,,
296,219,SDS011,94,48.765,9.168,2016-10-29T19:23:39.308452+00:00,37.3,,,27.8,,
297,219,SDS011,94,48.765,9.168,2016-10-29T19:24:38.591146+00:00,32.26,,,29.24,,
298,219,SDS011,94,48.765,9.168,2016-10-29T19:25:38.039542+00:00,28.98,,,25.02,,
299,219,SDS011,94,48.765,9.168,2016-10-29T19:26:38.236618+00:00,32.7,,,29.4,,
300,219,SDS011,94,48.765,9.168,2016-10-29T19:27:33.304368+00:00,36.9,,,29.56,,
301,219,SDS011,94,48.765,9.168,2016-10-29T19:28:31.549604+00:00,33.08,,,28.16,,
302,219,SDS011,94,48.765,9.168,2016-10-29T19:29:29.781145+00:00,35.56,,,27.9,,
303,219,SDS011,94,48.765,9.168,2016-10-29T19:30:29.058748+00:00,38.12,,,31.7,,
304,219,SDS011,94,48.765,9.168,2016-10-29T19:31:28.374932+00:00,38.82,,,30.68,,
305,219,SDS011,94,48.765,9.168,2016-10-29T19:32:27.774581+00:00,37.74,,,30.06,,
306,219,SDS011,94,48.765,9.168,2016-10-29T19:33:25.980922+00:00,38.26,,,30.24,,
307,219,SDS011,94,48.765,9.168,2016-10-29T19:34:24.243965+00:00,34.74,,,31.58,,
308,219,SDS011,94,48.765,9.168,2016-10-29T19:35:22.575970+00:00,37.26,,,30.74,,
309,219,SDS011,94,48.765,9.168,2016-10-29T19:36:21.959133+00:00,33.72,,,30.5,,
310,219,SDS011,94,48.765,9.168,2016-10-29T19:37:20.230260+00:00,40.08,,,34.8,,
311,219,SDS011,94,48.765,9.168,2016-10-29T19:38:20.610213+00:00,42.72,,,33.38,,
312,219,SDS011,94,48.765,9.168,2016-10-29T19:39:19.970804+00:00,39.1,,,31.4,,
313,219,SDS011,94,48.765,9.168,2016-10-29T19:40:18.246173+00:00,42.86,,,34.22,,
314,219,SDS011,94,48.765,9.168,2016-10-29T19:41:19.317394+00:00,40.34,,,32.3,,
315,219,SDS011,94,48.765,9.168,2016-10-29T19:42:21.968625+00:00,38.28,,,32.24,,
316,219,SDS011,94,48.765,9.168,2016-10-29T19:43:23.564887+00:00,41.32,,,33.32,,
317,219,SDS011,94,48.765,9.168,2016-10-29T19:44:26.534385+00:00,35.8,,,30.62,,
318,219,SDS011,94,48.765,9.168,2016-10-29T19:45:26.640666+00:00,36.62,,,30.84,,
319,219,SDS011,94,48.765,9.168,2016-10-29T19:46:31.261428+00:00,40.84,,,32.76,,
320,219,SDS011,94,48.765,9.168,2016-10-29T19:47:33.851777+00:00,39.58,,,33.86,,
321,219,SDS011,94,48.765,9.168,2016-10-29T19:48:35.331934+00:00,39.24,,,33.26,,
322,219,SDS011,94,48.765,9.168,2016-10-29T19:49:39.156022+00:00,37.74,,,29.44,,
323,219,SDS011,94,48.765,9.168,2016-10-29T19:50:37.869778+00:00,40.62,,,33.36,,
324,219,SDS011,94,48.765,9.168,2016-10-29T19:51:39.722277+00:00,40.48,,,31.9,,
325,219,SDS011,94,48.765,9.168,2016-10-29T19:52:40.661659+00:00,41.96,,,31.98,,
326,219,SDS011,94,48.765,9.168,2016-10-29T19:53:42.357341+00:00,45.94,,,34.16,,
327,219,SDS011,94,48.765,9.168,2016-10-29T19:54:42.359140+00:00,36.0,,,29.54,,
328,219,SDS011,94,48.765,9.168,2016-10-29T19:55:42.978235+00:00,41.16,,,33.82,,
329,219,SDS011,94,48.765,9.168,2016-10-29T19:56:44.404488+00:00,44.32,,,35.34,,
330,219,SDS011,94,48.765,9.168,2016-10-29T19:57:45.491189+00:00,35.04,,,31.3,,
331,219,SDS011,94,48.765,9.168,2016-10-29T19:58:46.158243+00:00,47.88,,,38.34,,
332,219,SDS011,94,48.765,9.168,2016-10-29T19:59:46.256219+00:00,44.76,,,34.98,,
333,219,SDS011,94,48.765,9.168,2016-10-29T20:00:49.297855+00:00,36.84,,,32.06,,
334,219,SDS011,94,48.765,9.168,2016-10-29T20:01:49.515231+00:00,36.36,,,33.08,,
335,219,SDS011,94,48.765,9.168,2016-10-29T20:02:51.117303+00:00,43.34,,,35.0,,
336,219,SDS011,94,48.765,9.168,2016-10-29T20:03:50.350779+00:00,47.1,,,30.04,,
337,219,SDS011,94,48.765,9.168,2016-10-29T20:04:49.710994+00:00,37.2,,,33.16,,
338,219,SDS011,94,48.765,9.168,2016-10-29T20:05:50.539022+00:00,41.84,,,34.78,,
339,219,SDS011,94,48.765,9.168,2016-10-29T20:06:49.602434+00:00,39.42,,,33.72,,
340,219,SDS011,94,48.765,9.168,2016-10-29T20:07:50.155460+00:00,43.4,,,34.42,,
341,219,SDS011,94,48.765,9.168,2016-10-29T20:08:49.793006+00:00,38.3,,,34.0,,
342,219,SDS011,94,48.765,9.168,2016-10-29T20:09:50.428848+00:00,36.28,,,31.96,,
343,219,SDS011,94,48.765,9.168,2016-10-29T20:10:50.855524+00:00,39.52,,,32.86,,
344,219,SDS011,94,48.765,9.168,2016-10-29T20:11:52.178156+00:00,41.4,,,33.94,,
345,219,SDS011,94,48.765,9.168,2016-10-29T20:12:50.666955+00:00,37.96,,,30.7,,
346,219,SDS011,94,48.765,9.168,2016-10-29T20:13:49.450482+00:00,37.86,,,31.7,,
347,219,SDS011,94,48.765,9.168,2016-10-29T20:14:52.663337+00:00,39.64,,,34.2,,
348,219,SDS011,94,48.765,9.168,2016-10-29T20:15:58.346721+00:00,41.14,,,31.98,,
349,219,SDS011,94,48.765,9.168,2016-10-29T20:16:58.174723+00:00,37.54,,,31.12,,
350,219,SDS011,94,48.765,9.168,2016-10-29T20:18:01.479609+00:00,40.63,,,32.52,,
351,219,SDS011,94,48.765,9.168,2016-10-29T20:19:03.039346+00:00,36.08,,,33.02,,
352,219,SDS011,94,48.765,9.168,2016-10-29T20:20:03.100875+00:00,38.86,,,31.96,,
353,219,SDS011,94,48.765,9.168,2016-10-29T20:21:02.989756+00:00,42.34,,,35.04,,
354,219,SDS011,94,48.765,9.168,2016-10-29T20:22:01.932755+00:00,38.92,,,30.96,,
355,219,SDS011,94,48.765,9.168,2016-10-29T20:23:01.988133+00:00,44.1,,,32.86,,
356,219,SDS011,94,48.765,9.168,2016-10-29T20:24:02.462272+00:00,34.02,,,31.26,,
357,219,SDS011,94,48.765,9.168,2016-10-29T20:25:03.146325+00:00,36.75,,,32.7,,
358,219,SDS011,94,48.765,9.168,2016-10-29T20:26:16.502728+00:00,47.52,,,38.34,,
359,219,SDS011,94,48.765,9.168,2016-10-29T20:27:16.343812+00:00,38.18,,,32.64,,
360,219,SDS011,94,48.765,9.168,2016-10-29T20:28:16.417516+00:00,44.14,,,34.58,,
361,219,SDS011,94,48.765,9.168,2016-10-29T20:29:16.910469+00:00,43.1,,,34.66,,
362,219,SDS011,94,48.765,9.168,2016-10-29T20:30:17.555090+00:00,37.48,,,31.26,,
363,219,SDS011,94,48.765,9.168,2016-10-29T20:31:20.048375+00:00,39.64,,,33.38,,
364,219,SDS011,94,48.765,9.168,2016-10-29T20:32:22.989197+00:00,43.92,,,33.14,,
365,219,SDS011,94,48.765,9.168,2016-10-29T20:33:23.474054+00:00,37.26,,,29.86,,
366,219,SDS011,94,48.765,9.168,2016-10-29T20:34:24.792083+00:00,44.16,,,34.28,,
367,219,SDS011,94,48.765,9.168,2016-10-29T20:35:24.135457+00:00,42.34,,,33.04,,
368,219,SDS011,94,48.765,9.168,2016-10-29T20:36:22.938192+00:00,37.18,,,30.88,,
369,219,SDS011,94,48.765,9.168,2016-10-29T20:37:25.762214+00:00,35.82,,,30.36,,
370,219,SDS011,94,48.765,9.168,2016-10-29T20:38:26.649823+00:00,41.54,,,30.3,,
371,219,SDS011,94,48.765,9.168,2016-10-29T20:39:27.773383+00:00,40.5,,,33.12,,
372,219,SDS011,94,48.765,9.168,2016-10-29T20:40:29.754524+00:00,38.6,,,33.22,,
373,219,SDS011,94,48.765,9.168,2016-10-29T20:41:30.082024+00:00,38.56,,,32.64,,
374,219,SDS011,94,48.765,9.168,2016-10-29T20:42:29.194639+00:00,46.04,,,34.42,,
375,219,SDS011,94,48.765,9.168,2016-10-29T20:43:28.046766+00:00,40.76,,,35.32,,
376,219,SDS011,94,48.765,9.168,2016-10-29T20:44:29.066821+00:00,43.08,,,32.54,,
377,219,SDS011,94,48.765,9.168,2016-10-29T20:45:30.670504+00:00,33.9,,,29.58,,
378,219,SDS011,94,48.765,9.168,2016-10-29T20:46:31.252475+00:00,35.76,,,31.8,,
379,219,SDS011,94,48.765,9.168,2016-10-29T20:47:30.588168+00:00,40.46,,,35.06,,
380,219,SDS011,94,48.765,9.168,2016-10-29T20:48:34.958246+00:00,38.16,,,31.98,,
381,219,SDS011,94,48.765,9.168,2016-10-29T20:49:35.143990+00:00,45.7,,,35.24,,
382,219,SDS011,94,48.765,9.168,2016-10-29T20:50:35.135506+00:00,44.76,,,31.02,,
383,219,SDS011,94,48.765,9.168,2016-10-29T20:51:36.139761+00:00,31.68,,,27.38,,
384,219,SDS011,94,48.765,9.168,2016-10-29T20:52:36.711856+00:00,39.32,,,31.86,,
385,219,SDS011,94,48.765,9.168,2016-10-29T20:53:39.498400+00:00,39.12,,,30.95,,
386,219,SDS011,94,48.765,9.168,2016-10-29T20:55:48.391396+00:00,38.67,,,33.85,,
387,219,SDS011,94,48.765,9.168,2016-10-29T20:56:49.419993+00:00,43.08,,,35.22,,
388,219,SDS011,94,48.765,9.168,2016-10-29T20:57:50.139077+00:00,37.14,,,30.8,,
389,219,SDS011,94,48.765,9.168,2016-10-29T20:58:50.261632+00:00,45.02,,,33.46,,
390,219,SDS011,94,48.765,9.168,2016-10-29T20:59:51.179965+00:00,46.5,,,34.86,,
391,219,SDS011,94,48.765,9.168,2016-10-29T21:00:52.536850+00:00,41.78,,,34.14,,
392,219,SDS011,94,48.765,9.168,2016-10-29T21:01:54.245462+00:00,40.34,,,34.42,,
393,219,SDS011,94,48.765,9.168,2016-10-29T21:02:54.577263+00:00,48.25,,,35.03,,
394,219,SDS011,94,48.765,9.168,2016-10-29T21:03:53.378211+00:00,38.72,,,33.95,,
395,219,SDS011,94,48.765,9.168,2016-10-29T21:04:53.689434+00:00,44.26,,,33.12,,
396,219,SDS011,94,48.765,9.168,2016-10-29T21:05:58.638951+00:00,40.18,,,33.34,,
397,219,SDS011,94,48.765,9.168,2016-10-29T21:06:58.693259+00:00,43.03,,,35.42,,
398,219,SDS011,94,48.765,9.168,2016-10-29T21:07:58.731715+00:00,49.24,,,35.8,,
399,219,SDS011,94,48.765,9.168,2016-10-29T21:08:58.686274+00:00,43.44,,,33.76,,
400,219,SDS011,94,48.765,9.168,2016-10-29T21:09:58.694911+00:00,39.7,,,33.78,,
401,219,SDS011,94,48.765,9.168,2016-10-29T21:10:58.702635+00:00,50.7,,,35.9,,
402,219,SDS011,94,48.765,9.168,2016-10-29T21:11:58.726270+00:00,48.56,,,35.0,,
403,219,SDS011,94,48.765,9.168,2016-10-29T21:13:00.067457+00:00,41.52,,,34.12,,
404,219,SDS011,94,48.765,9.168,2016-10-29T21:14:01.945554+00:00,52.86,,,33.7,,
405,219,SDS011,94,48.765,9.168,2016-10-29T21:15:05.633349+00:00,44.3,,,33.18,,
406,219,SDS011,94,48.765,9.168,2016-10-29T21:16:05.346862+00:00,40.96,,,33.3,,
407,219,SDS011,94,48.765,9.168,2016-10-29T21:17:04.905858+00:00,38.3,,,31.46,,
408,219,SDS011,94,48.765,9.168,2016-10-29T21:18:11.169098+00:00,45.3,,,35.96,,
409,219,SDS011,94,48.765,9.168,2016-10-29T21:19:12.395845+00:00,42.02,,,30.4,,
410,219,SDS011,94,48.765,9.168,2016-10-29T21:20:17.204763+00:00,43.48,,,32.33,,
411,219,SDS011,94,48.765,9.168,2016-10-29T21:21:16.577860+00:00,41.52,,,35.38,,
412,219,SDS011,94,48.765,9.168,2016-10-29T21:22:18.752142+00:00,44.74,,,35.8,,
413,219,SDS011,94,48.765,9.168,2016-10-29T21:23:22.557737+00:00,40.74,,,34.52,,
414,219,SDS011,94,48.765,9.168,2016-10-29T21:24:22.183047+00:00,39.7,,,32.24,,
415,219,SDS011,94,48.765,9.168,2016-10-29T21:25:24.281854+00:00,49.06,,,35.24,,
416,219,SDS011,94,48.765,9.168,2016-10-29T21:26:28.767022+00:00,43.7,,,33.12,,
417,219,SDS011,94,48.765,9.168,2016-10-29T21:28:38.604525+00:00,50.92,,,35.52,,
418,219,SDS011,94,48.765,9.168,2016-10-29T21:29:39.578100+00:00,49.1,,,36.26,,
419,219,SDS011,94,48.765,9.168,2016-10-29T21:30:41.587900+00:00,54.82,,,37.14,,
420,219,SDS011,94,48.765,9.168,2016-10-29T21:31:42.857741+00:00,40.82,,,32.15,,
421,219,SDS011,94,48.765,9.168,2016-10-29T21:32:41.870464+00:00,47.42,,,33.92,,
422,219,SDS011,94,48.765,9.168,2016-10-29T21:33:42.120605+00:00,45.04,,,31.98,,
423,219,SDS011,94,48.765,9.168,2016-10-29T21:34:42.021200+00:00,44.88,,,32.36,,
424,219,SDS011,94,48.765,9.168,2016-10-29T21:35:48.144217+00:00,43.5,,,32.5,,
425,219,SDS011,94,48.765,9.168,2016-10-29T21:36:49.792318+00:00,43.72,,,34.4,,
426,219,SDS011,94,48.765,9.168,2016-10-29T21:37:52.016483+00:00,40.26,,,32.0,,
427,219,SDS011,94,48.765,9.168,2016-10-29T21:38:54.524233+00:00,40.64,,,31.18,,
428,219,SDS011,94,48.765,9.168,2016-10-29T21:39:58.749885+00:00,46.34,,,33.3,,
429,219,SDS011,94,48.765,9.168,2016-10-29T21:40:58.695324+00:00,49.62,,,38.34,,
430,219,SDS011,94,48.765,9.168,2016-10-29T21:41:58.711141+00:00,38.42,,,31.74,,
431,219,SDS011,94,48.765,9.168,2016-10-29T21:42:58.923698+00:00,43.34,,,34.2,,
432,219,SDS011,94,48.765,9.168,2016-10-29T21:44:03.225140+00:00,46.43,,,33.7,,
433,219,SDS011,94,48.765,9.168,2016-10-29T21:45:01.959288+00:00,38.24,,,30.88,,
434,219,SDS011,94,48.765,9.168,2016-10-29T21:46:04.087983+00:00,42.5,,,34.3,,
435,219,SDS011,94,48.765,9.168,2016-10-29T21:47:03.289263+00:00,43.6,,,33.74,,
436,219,SDS011,94,48.765,9.168,2016-10-29T21:48:04.378868+00:00,49.92,,,36.14,,
437,219,SDS011,94,48.765,9.168,2016-10-29T21:49:04.358670+00:00,40.66,,,34.68,,
438,219,SDS011,94,48.765,9.168,2016-10-29T21:50:04.024356+00:00,38.02,,,31.08,,
439,219,SDS011,94,48.765,9.168,2016-10-29T21:51:05.010153+00:00,40.26,,,34.3,,
440,219,SDS011,94,48.765,9.168,2016-10-29T21:52:03.649340+00:00,48.27,,,37.22,,
441,219,SDS011,94,48.765,9.168,2016-10-29T21:53:04.100843+00:00,38.6,,,31.3,,
442,219,SDS011,94,48.765,9.168,2016-10-29T21:54:05.913144+00:00,42.06,,,32.76,,
443,219,SDS011,94,48.765,9.168,2016-10-29T21:55:04.218847+00:00,53.42,,,35.28,,
444,219,SDS011,94,48.765,9.168,2016-10-29T21:56:06.305364+00:00,42.6,,,31.0,,
445,219,SDS011,94,48.765,9.168,2016-10-29T21:57:07.393623+00:00,41.7,,,32.84,,
446,219,SDS011,94,48.765,9.168,2016-10-29T21:59:14.615803+00:00,41.58,,,34.06,,
447,219,SDS011,94,48.765,9.168,2016-10-29T22:00:17.662062+00:00,47.1,,,36.26,,
448,219,SDS011,94,48.765,9.168,2016-10-29T22:01:17.475280+00:00,38.2,,,31.0,,
449,219,SDS011,94,48.765,9.168,2016-10-29T22:02:17.996708+00:00,44.3,,,35.4,,
450,219,SDS011,94,48.765,9.168,2016-10-29T22:03:18.508964+00:00,46.52,,,34.42,,
451,219,SDS011,94,48.765,9.168,2016-10-29T22:04:22.162935+00:00,50.1,,,35.72,,
452,219,SDS011,94,48.765,9.168,2016-10-29T22:05:24.320977+00:00,43.24,,,33.08,,
453,219,SDS011,94,48.765,9.168,2016-10-29T22:06:24.694118+00:00,42.74,,,31.54,,
454,219,SDS011,94,48.765,9.168,2016-10-29T22:07:23.738628+00:00,52.66,,,37.24,,
455,219,SDS011,94,48.765,9.168,2016-10-29T22:08:28.735588+00:00,51.5,,,37.36,,
456,219,SDS011,94,48.765,9.168,2016-10-29T22:09:28.935852+00:00,45.66,,,36.96,,
457,219,SDS011,94,48.765,9.168,2016-10-29T22:10:28.799553+00:00,48.08,,,34.9,,
458,219,SDS011,94,48.765,9.168,2016-10-29T22:11:28.827044+00:00,48.72,,,35.92,,
459,219,SDS011,94,48.765,9.168,2016-10-29T22:12:29.967436+00:00,56.02,,,38.06,,
460,219,SDS011,94,48.765,9.168,2016-10-29T22:13:29.974271+00:00,47.42,,,36.86,,
461,219,SDS011,94,48.765,9.168,2016-10-29T22:14:28.932018+00:00,43.38,,,32.68,,
462,219,SDS011,94,48.765,9.168,2016-10-29T22:15:28.764474+00:00,45.84,,,35.0,,
463,219,SDS011,94,48.765,9.168,2016-10-29T22:16:32.314572+00:00,44.4,,,33.84,,
464,219,SDS011,94,48.765,9.168,2016-10-29T22:17:33.297237+00:00,44.74,,,35.92,,
465,219,SDS011,94,48.765,9.168,2016-10-29T22:18:32.052475+00:00,48.62,,,38.1,,
466,219,SDS011,94,48.765,9.168,2016-10-29T22:19:30.630544+00:00,40.72,,,31.6,,
467,219,SDS011,94,48.765,9.168,2016-10-29T22:20:32.851268+00:00,54.04,,,36.76,,
468,219,SDS011,94,48.765,9.168,2016-10-29T22:21:34.520232+00:00,50.23,,,35.92,,
469,219,SDS011,94,48.765,9.168,2016-10-29T22:22:39.050550+00:00,46.9,,,36.47,,
470,219,SDS011,94,48.765,9.168,2016-10-29T22:23:39.897259+00:00,46.7,,,36.28,,
471,219,SDS011,94,48.765,9.168,2016-10-29T22:24:39.721722+00:00,49.15,,,38.35,,
472,219,SDS011,94,48.765,9.168,2016-10-29T22:25:42.001310+00:00,45.82,,,32.42,,
473,219,SDS011,94,48.765,9.168,2016-10-29T22:26:41.088717+00:00,45.38,,,33.88,,
474,219,SDS011,94,48.765,9.168,2016-10-29T22:27:41.441508+00:00,48.67,,,36.32,,
475,219,SDS011,94,48.765,9.168,2016-10-29T22:28:40.694829+00:00,48.23,,,34.5,,
476,219,SDS011,94,48.765,9.168,2016-10-29T22:29:41.534390+00:00,44.26,,,35.06,,
477,219,SDS011,94,48.765,9.168,2016-10-29T22:30:43.863582+00:00,43.85,,,34.77,,
478,219,SDS011,94,48.765,9.168,2016-10-29T22:31:45.725643+00:00,50.8,,,36.28,,
479,219,SDS011,94,48.765,9.168,2016-10-29T22:32:48.607192+00:00,48.66,,,35.9,,
480,219,SDS011,94,48.765,9.168,2016-10-29T22:33:51.307413+00:00,47.94,,,35.32,,
481,219,SDS011,94,48.765,9.168,2016-10-29T22:35:58.845875+00:00,42.23,,,32.75,,
482,219,SDS011,94,48.765,9.168,2016-10-29T22:36:59.086123+00:00,51.42,,,36.93,,
483,219,SDS011,94,48.765,9.168,2016-10-29T22:37:58.761441+00:00,49.58,,,37.7,,
484,219,SDS011,94,48.765,9.168,2016-10-29T22:38:58.668216+00:00,48.3,,,38.52,,
485,219,SDS011,94,48.765,9.168,2016-10-29T22:39:54.912016+00:00,54.26,,,40.78,,
486,219,SDS011,94,48.765,9.168,2016-10-29T22:40:54.013810+00:00,47.93,,,36.07,,
487,219,SDS011,94,48.765,9.168,2016-10-29T22:41:55.050700+00:00,51.76,,,39.42,,
488,219,SDS011,94,48.765,9.168,2016-10-29T22:42:55.417470+00:00,53.25,,,38.07,,
489,219,SDS011,94,48.765,9.168,2016-10-29T22:43:57.012708+00:00,48.4,,,37.18,,
490,219,SDS011,94,48.765,9.168,2016-10-29T22:44:58.049943+00:00,43.98,,,35.82,,
491,219,SDS011,94,48.765,9.168,2016-10-29T22:45:59.339651+00:00,37.15,,,30.97,,
492,219,SDS011,94,48.765,9.168,2016-10-29T22:47:01.730516+00:00,41.67,,,34.87,,
493,219,SDS011,94,48.765,9.168,2016-10-29T22:48:02.060722+00:00,42.32,,,32.17,,
494,219,SDS011,94,48.765,9.168,2016-10-29T22:49:04.461821+00:00,46.77,,,36.58,,
495,219,SDS011,94,48.765,9.168,2016-10-29T22:50:06.358027+00:00,42.6,,,34.94,,
496,219,SDS011,94,48.765,9.168,2016-10-29T22:51:08.380280+00:00,43.07,,,35.6,,
497,219,SDS011,94,48.765,9.168,2016-10-29T22:52:08.519500+00:00,40.33,,,31.08,,
498,219,SDS011,94,48.765,9.168,2016-10-29T22:53:09.393781+00:00,44.18,,,32.43,,
499,219,SDS011,94,48.765,9.168,2016-10-29T22:54:15.188846+00:00,47.08,,,34.32,,
500,219,SDS011,94,48.765,9.168,2016-10-29T22:55:15.897339+00:00,44.38,,,34.18,,
501,219,SDS011,94,48.765,9.168,2016-10-29T22:56:14.688816+00:00,56.27,,,39.17,,
502,219,SDS011,94,48.765,9.168,2016-10-29T22:57:19.529623+00:00,53.62,,,41.32,,
503,219,SDS011,94,48.765,9.168,2016-10-29T22:58:18.522473+00:00,58.3,,,42.62,,
504,219,SDS011,94,48.765,9.168,2016-10-29T22:59:17.546143+00:00,54.92,,,40.77,,
505,219,SDS011,94,48.765,9.168,2016-10-29T23:00:17.426186+00:00,50.55,,,36.3,,
506,219,SDS011,94,48.765,9.168,2016-10-29T23:01:23.547146+00:00,55.73,,,40.3,,
507,219,SDS011,94,48.765,9.168,2016-10-29T23:02:22.088727+00:00,47.28,,,34.17,,
508,219,SDS011,94,48.765,9.168,2016-10-29T23:03:24.992629+00:00,44.62,,,35.18,,
509,219,SDS011,94,48.765,9.168,2016-10-29T23:04:24.246604+00:00,44.0,,,34.48,,
510,219,SDS011,94,48.765,9.168,2016-10-29T23:05:25.972987+00:00,46.6,,,36.72,,
511,219,SDS011,94,48.765,9.168,2016-10-29T23:06:27.411866+00:00,51.5,,,36.78,,
512,219,SDS011,94,48.765,9.168,2016-10-29T23:07:29.150553+00:00,44.62,,,34.5,,
513,219,SDS011,94,48.765,9.168,2016-10-29T23:08:31.816739+00:00,48.13,,,37.82,,
514,219,SDS011,94,48.765,9.168,2016-10-29T23:09:33.828426+00:00,44.9,,,34.38,,
515,219,SDS011,94,48.765,9.168,2016-10-29T23:10:35.830894+00:00,44.62,,,35.43,,
516,219,SDS011,94,48.765,9.168,2016-10-29T23:11:36.737994+00:00,42.5,,,34.93,,
517,219,SDS011,94,48.765,9.168,2016-10-29T23:12:38.205052+00:00,40.8,,,33.68,,
518,219,SDS011,94,48.765,9.168,2016-10-29T23:13:36.672543+00:00,46.08,,,32.1,,
519,219,SDS011,94,48.765,9.168,2016-10-29T23:14:38.602394+00:00,41.73,,,32.27,,
520,219,SDS011,94,48.765,9.168,2016-10-29T23:15:41.658125+00:00,41.55,,,33.55,,
521,219,SDS011,94,48.765,9.168,2016-10-29T23:16:41.871243+00:00,46.43,,,34.23,,
522,219,SDS011,94,48.765,9.168,2016-10-29T23:17:47.104559+00:00,43.6,,,34.62,,
523,219,SDS011,94,48.765,9.168,2016-10-29T23:18:49.174342+00:00,46.13,,,35.98,,
524,219,SDS011,94,48.765,9.168,2016-10-29T23:19:50.802865+00:00,44.37,,,35.85,,
525,219,SDS011,94,48.765,9.168,2016-10-29T23:20:55.277314+00:00,38.98,,,33.62,,
526,219,SDS011,94,48.765,9.168,2016-10-29T23:21:55.425122+00:00,38.22,,,31.78,,
527,219,SDS011,94,48.765,9.168,2016-10-29T23:22:58.628724+00:00,46.27,,,35.03,,
528,219,SDS011,94,48.765,9.168,2016-10-29T23:23:59.801144+00:00,35.35,,,30.68,,
529,219,SDS011,94,48.765,9.168,2016-10-29T23:25:02.394504+00:00,44.88,,,33.52,,
530,219,SDS011,94,48.765,9.168,2016-10-29T23:26:02.375469+00:00,40.97,,,32.4,,
531,219,SDS011,94,48.765,9.168,2016-10-29T23:27:02.803595+00:00,43.92,,,33.22,,
532,219,SDS011,94,48.765,9.168,2016-10-29T23:28:04.683677+00:00,46.9,,,38.12,,
533,219,SDS011,94,48.765,9.168,2016-10-29T23:29:05.161505+00:00,45.38,,,34.02,,
534,219,SDS011,94,48.765,9.168,2016-10-29T23:30:06.433344+00:00,43.78,,,32.63,,
535,219,SDS011,94,48.765,9.168,2016-10-29T23:31:06.900139+00:00,42.92,,,35.02,,
536,219,SDS011,94,48.765,9.168,2016-10-29T23:32:05.840363+00:00,42.02,,,33.87,,
537,219,SDS011,94,48.765,9.168,2016-10-29T23:33:07.429131+00:00,46.56,,,36.7,,
538,219,SDS011,94,48.765,9.168,2016-10-29T23:34:08.682015+00:00,39.75,,,31.85,,
539,219,SDS011,94,48.765,9.168,2016-10-29T23:35:08.102729+00:00,50.45,,,36.6,,
540,219,SDS011,94,48.765,9.168,2016-10-29T23:36:06.131950+00:00,42.65,,,32.67,,
541,219,SDS011,94,48.765,9.168,2016-10-29T23:37:07.481966+00:00,43.78,,,31.67,,
542,219,SDS011,94,48.765,9.168,2016-10-29T23:38:06.366086+00:00,43.32,,,35.17,,
543,219,SDS011,94,48.765,9.168,2016-10-29T23:39:06.867812+00:00,49.38,,,37.1,,
544,219,SDS011,94,48.765,9.168,2016-10-29T23:40:07.556403+00:00,46.4,,,34.45,,
545,219,SDS011,94,48.765,9.168,2016-10-29T23:41:08.010204+00:00,39.45,,,31.32,,
546,219,SDS011,94,48.765,9.168,2016-10-29T23:42:09.201118+00:00,49.87,,,34.92,,
547,219,SDS011,94,48.765,9.168,2016-10-29T23:43:08.259855+00:00,42.05,,,32.82,,
548,219,SDS011,94,48.765,9.168,2016-10-29T23:44:07.712749+00:00,39.83,,,32.27,,
549,219,SDS011,94,48.765,9.168,2016-10-29T23:45:13.869522+00:00,45.07,,,34.0,,
550,219,SDS011,94,48.765,9.168,2016-10-29T23:46:15.966153+00:00,39.88,,,31.62,,
551,219,SDS011,94,48.765,9.168,2016-10-29T23:47:18.059328+00:00,40.05,,,32.13,,
552,219,SDS011,94,48.765,9.168,2016-10-29T23:48:21.011742+00:00,43.0,,,33.28,,
553,219,SDS011,94,48.765,9.168,2016-10-29T23:49:22.008287+00:00,38.37,,,31.85,,
554,219,SDS011,94,48.765,9.168,2016-10-29T23:50:22.048186+00:00,39.17,,,31.03,,
555,219,SDS011,94,48.765,9.168,2016-10-29T23:51:22.388925+00:00,43.37,,,32.72,,
556,219,SDS011,94,48.765,9.168,2016-10-29T23:52:21.671445+00:00,39.93,,,32.02,,
557,219,SDS011,94,48.765,9.168,2016-10-29T23:53:19.940045+00:00,41.52,,,33.4,,
558,219,SDS011,94,48.765,9.168,2016-10-29T23:54:18.185358+00:00,40.87,,,33.73,,
559,219,SDS011,94,48.765,9.168,2016-10-29T23:55:16.410680+00:00,40.82,,,32.12,,
560,219,SDS011,94,48.765,9.168,2016-10-29T23:56:14.645751+00:00,44.42,,,36.23,,
561,219,SDS011,94,48.765,9.168,2016-10-29T23:57:12.918454+00:00,42.23,,,30.32,,
562,219,SDS011,94,48.765,9.168,2016-10-29T23:58:12.207933+00:00,44.7,,,33.48,,
563,219,SDS011,94,48.765,9.168,2016-10-29T23:59:11.507620+00:00,41.15,,,32.0,,
